{"invoice number": [[1349.9734821398872, 115.70318788040004], [1471.5249338976284, 154.5996524428774]], "invoice date": [[1349.9734821398872, 110.84112981009048], [1452.0767016163898, 169.1858266538061]]}